[
  {
    "id": "6b47e244-3b6a-40b4-aad4-4e0bf64e6317",
    "type": "popup",
    "emoji": "\ud83d\udcbb\u2728",
    "text": "premium?",
    "start_datetime": "2025-07-16T10:10",
    "end_datetime": "2025-07-18T10:10",
    "common_animation": true,
    "animation": "zoom-in",
    "animation_desktop": null,
    "animation_mobile": null,
    "manual_override": null
  },
  {
    "id": "ee6d20db-9d5c-4a88-9e60-dffd4ecbf08b",
    "type": "banner",
    "emoji": "\u2600",
    "text": "omg?",
    "start_datetime": "2025-07-15T14:12",
    "end_datetime": "2025-07-17T10:13",
    "common_animation": true,
    "animation": "fade-in",
    "animation_desktop": null,
    "animation_mobile": null,
    "manual_override": null
  },
  {
    "id": "0a66b71b-0c8c-4896-bf69-a7be44d7e676",
    "type": "feedback",
    "emoji": "\ud83e\udd14",
    "text": "how did we do?",
    "start_datetime": "2025-07-14T10:13",
    "end_datetime": "2025-07-17T10:13",
    "common_animation": false,
    "animation": null,
    "animation_desktop": "slide-in-right",
    "animation_mobile": "slide-up",
    "manual_override": null
  },
  {
    "id": "89924d5d-7493-4078-9875-97f66cb65e34",
    "type": "popup",
    "emoji": "\ud83d\udcbb\u2728",
    "text": "premium?",
    "start_datetime": "2025-07-22T09:13",
    "end_datetime": "2025-07-23T09:13",
    "common_animation": true,
    "animation": "zoom-in",
    "animation_desktop": null,
    "animation_mobile": null,
    "manual_override": null
  }
]