{"widget_id": "e62584fb-9f29-4364-8940-86ba73ef0af7", "action": "feedback-4-stars", "timestamp": "2025-06-23T10:34:25.873822"}
{"widget_id": "f7efad89-e320-4740-b554-3375de8224d5", "action": "feedback-4-stars", "timestamp": "2025-06-23T11:22:19.818231"}
{"widget_id": "f7efad89-e320-4740-b554-3375de8224d5", "action": "feedback-3-stars", "timestamp": "2025-06-23T11:24:05.278044"}
{"widget_id": "4cd0ced6-8803-407e-b9f0-35044bada5b7", "action": "subscribed", "timestamp": "2025-06-23T11:24:41.813185"}
{"widget_id": "e1108dfa-092d-432c-849a-41c22d2d2bb4", "action": "subscribed", "timestamp": "2025-06-23T11:48:46.577509"}
{"widget_id": "f5f38f13-a000-4af7-a749-5e0f70fe2f49", "action": "feedback-5-stars", "timestamp": "2025-06-23T11:48:50.736134"}
{"widget_id": "652bfbc1-39e6-45e2-890a-742149a465f3", "action": "subscribed", "timestamp": "2025-06-23T14:17:22.057803"}
{"widget_id": "95058cdd-bd66-4d9d-a7b6-9185534e7cf4", "action": "subscribed", "timestamp": "2025-06-23T14:51:23.928857"}
{"widget_id": "b0b69667-d217-4816-ad15-1d6afaed7e3c", "action": "feedback-2-stars", "timestamp": "2025-06-23T14:52:53.848059"}
{"widget_id": "2b24cfcf-eb29-4fdf-bd11-e40dbe3bef3b", "action": "feedback-4-stars", "timestamp": "2025-06-24T11:44:24.416380"}
{"widget_id": "33a4124a-c834-46c0-bdff-d936846d6e3c", "action": "displayed", "text": "", "timestamp": "2025-06-24T14:08:56.220776"}
{"widget_id": "33a4124a-c834-46c0-bdff-d936846d6e3c", "action": "later", "text": "", "timestamp": "2025-06-24T14:08:58.462393"}
{"widget_id": "2b24cfcf-eb29-4fdf-bd11-e40dbe3bef3b", "action": "displayed", "text": "", "timestamp": "2025-06-24T14:09:28.481887"}
{"widget_id": "2b24cfcf-eb29-4fdf-bd11-e40dbe3bef3b", "action": "feedback-4-stars", "text": "good", "timestamp": "2025-06-24T14:09:47.300923"}
{"widget_id": "33a4124a-c834-46c0-bdff-d936846d6e3c", "action": "displayed", "text": "", "timestamp": "2025-06-24T14:55:46.607334"}
{"widget_id": "33a4124a-c834-46c0-bdff-d936846d6e3c", "action": "later", "text": "", "timestamp": "2025-06-24T14:55:49.031253"}
{"widget_id": "2b24cfcf-eb29-4fdf-bd11-e40dbe3bef3b", "action": "displayed", "text": "", "timestamp": "2025-06-24T14:56:19.043405"}
{"widget_id": "2b24cfcf-eb29-4fdf-bd11-e40dbe3bef3b", "action": "feedback-5-stars", "text": "", "timestamp": "2025-06-24T14:56:37.684657"}
{"widget_id": "33a4124a-c834-46c0-bdff-d936846d6e3c", "action": "displayed", "text": "", "timestamp": "2025-06-25T15:45:58.715265"}
{"widget_id": "33a4124a-c834-46c0-bdff-d936846d6e3c", "action": "displayed", "text": "", "timestamp": "2025-06-25T15:45:59.599162"}
{"widget_id": "33a4124a-c834-46c0-bdff-d936846d6e3c", "action": "displayed", "text": "", "timestamp": "2025-06-25T15:46:00.449326"}
{"widget_id": "33a4124a-c834-46c0-bdff-d936846d6e3c", "action": "displayed", "text": "", "timestamp": "2025-06-25T15:46:01.193884"}
{"widget_id": "33a4124a-c834-46c0-bdff-d936846d6e3c", "action": "subscribed", "text": "", "timestamp": "2025-06-25T15:46:09.498514"}
{"widget_id": "2b24cfcf-eb29-4fdf-bd11-e40dbe3bef3b", "action": "displayed", "text": "", "timestamp": "2025-06-25T15:46:40.373791"}
{"widget_id": "6b5a05f8-6210-42cd-8566-5eb2c34fbeaf", "action": "displayed", "text": "", "timestamp": "2025-06-27T10:24:56.635409"}
{"widget_id": "6b5a05f8-6210-42cd-8566-5eb2c34fbeaf", "action": "subscribed", "text": "", "timestamp": "2025-06-27T10:25:02.227390"}
{"widget_id": "6b5a05f8-6210-42cd-8566-5eb2c34fbeaf", "action": "displayed", "text": "", "timestamp": "2025-06-27T10:28:28.012183"}
{"widget_id": "2b24cfcf-eb29-4fdf-bd11-e40dbe3bef3b", "action": "displayed", "text": "", "timestamp": "2025-06-27T10:29:21.683980"}
{"widget_id": "2b24cfcf-eb29-4fdf-bd11-e40dbe3bef3b", "action": "feedback-4-stars", "text": "good", "timestamp": "2025-06-27T10:29:34.341119"}
{"widget_id": "6b5a05f8-6210-42cd-8566-5eb2c34fbeaf", "action": "displayed", "text": "", "timestamp": "2025-06-27T10:29:57.992043"}
{"widget_id": "6b5a05f8-6210-42cd-8566-5eb2c34fbeaf", "action": "displayed", "text": "", "timestamp": "2025-06-27T10:35:59.509327"}
{"widget_id": "6b5a05f8-6210-42cd-8566-5eb2c34fbeaf", "action": "displayed", "text": "", "timestamp": "2025-06-27T10:36:00.348655"}
{"widget_id": "6b5a05f8-6210-42cd-8566-5eb2c34fbeaf", "action": "displayed", "text": "", "timestamp": "2025-06-27T10:36:00.552985"}
{"widget_id": "6b5a05f8-6210-42cd-8566-5eb2c34fbeaf", "action": "displayed", "text": "", "timestamp": "2025-06-27T10:36:00.807948"}
{"widget_id": "6b5a05f8-6210-42cd-8566-5eb2c34fbeaf", "action": "displayed", "text": "", "timestamp": "2025-06-27T10:36:00.928623"}
{"widget_id": "6b5a05f8-6210-42cd-8566-5eb2c34fbeaf", "action": "displayed", "text": "", "timestamp": "2025-06-27T10:36:01.445208"}
{"widget_id": "6b5a05f8-6210-42cd-8566-5eb2c34fbeaf", "action": "displayed", "text": "", "timestamp": "2025-06-27T10:36:01.767751"}
{"widget_id": "6b5a05f8-6210-42cd-8566-5eb2c34fbeaf", "action": "displayed", "text": "", "timestamp": "2025-06-27T10:36:01.869710"}
{"widget_id": "6b5a05f8-6210-42cd-8566-5eb2c34fbeaf", "action": "displayed", "text": "", "timestamp": "2025-06-27T10:36:02.025271"}
{"widget_id": "6b5a05f8-6210-42cd-8566-5eb2c34fbeaf", "action": "displayed", "text": "", "timestamp": "2025-06-27T10:36:02.242160"}
{"widget_id": "6b5a05f8-6210-42cd-8566-5eb2c34fbeaf", "action": "displayed", "text": "", "timestamp": "2025-06-27T10:36:03.266819"}
{"widget_id": "6b5a05f8-6210-42cd-8566-5eb2c34fbeaf", "action": "displayed", "text": "", "timestamp": "2025-06-27T10:36:03.476775"}
{"widget_id": "6b5a05f8-6210-42cd-8566-5eb2c34fbeaf", "action": "displayed", "text": "", "timestamp": "2025-06-27T10:36:03.733045"}
{"widget_id": "6b5a05f8-6210-42cd-8566-5eb2c34fbeaf", "action": "displayed", "text": "", "timestamp": "2025-06-27T10:36:03.967279"}
{"widget_id": "6b5a05f8-6210-42cd-8566-5eb2c34fbeaf", "action": "displayed", "text": "", "timestamp": "2025-06-27T10:36:04.216477"}
{"widget_id": "6b5a05f8-6210-42cd-8566-5eb2c34fbeaf", "action": "displayed", "text": "", "timestamp": "2025-06-27T10:36:04.622257"}
{"widget_id": "6b5a05f8-6210-42cd-8566-5eb2c34fbeaf", "action": "displayed", "text": "", "timestamp": "2025-06-27T10:36:05.191323"}
{"widget_id": "6b5a05f8-6210-42cd-8566-5eb2c34fbeaf", "action": "displayed", "text": "", "timestamp": "2025-06-27T10:36:05.656423"}
{"widget_id": "6b5a05f8-6210-42cd-8566-5eb2c34fbeaf", "action": "displayed", "text": "", "timestamp": "2025-06-27T10:36:06.049002"}
{"widget_id": "6b5a05f8-6210-42cd-8566-5eb2c34fbeaf", "action": "displayed", "text": "", "timestamp": "2025-06-27T10:36:06.234241"}
{"widget_id": "6b5a05f8-6210-42cd-8566-5eb2c34fbeaf", "action": "displayed", "text": "", "timestamp": "2025-06-27T10:38:59.273735"}
{"widget_id": "6b5a05f8-6210-42cd-8566-5eb2c34fbeaf", "action": "displayed", "text": "", "timestamp": "2025-06-27T10:39:00.309402"}
{"widget_id": "6b5a05f8-6210-42cd-8566-5eb2c34fbeaf", "action": "displayed", "text": "", "timestamp": "2025-06-27T10:39:00.756621"}
{"widget_id": "6b5a05f8-6210-42cd-8566-5eb2c34fbeaf", "action": "displayed", "text": "", "timestamp": "2025-06-27T10:39:00.948004"}
{"widget_id": "6b5a05f8-6210-42cd-8566-5eb2c34fbeaf", "action": "displayed", "text": "", "timestamp": "2025-06-27T10:39:01.222553"}
{"widget_id": "6b5a05f8-6210-42cd-8566-5eb2c34fbeaf", "action": "displayed", "text": "", "timestamp": "2025-06-27T10:39:01.413206"}
{"widget_id": "6b5a05f8-6210-42cd-8566-5eb2c34fbeaf", "action": "displayed", "text": "", "timestamp": "2025-06-27T10:39:33.314639"}
{"widget_id": "6b5a05f8-6210-42cd-8566-5eb2c34fbeaf", "action": "displayed", "text": "", "timestamp": "2025-06-27T10:39:34.004203"}
{"widget_id": "6b5a05f8-6210-42cd-8566-5eb2c34fbeaf", "action": "displayed", "text": "", "timestamp": "2025-06-27T10:39:40.212502"}
{"widget_id": "6b5a05f8-6210-42cd-8566-5eb2c34fbeaf", "action": "displayed", "text": "", "timestamp": "2025-06-27T10:39:41.085506"}
{"widget_id": "6b5a05f8-6210-42cd-8566-5eb2c34fbeaf", "action": "displayed", "text": "", "timestamp": "2025-06-27T10:41:51.861827"}
{"widget_id": "6b5a05f8-6210-42cd-8566-5eb2c34fbeaf", "action": "displayed", "text": "", "timestamp": "2025-06-27T10:41:52.869785"}
{"widget_id": "6b5a05f8-6210-42cd-8566-5eb2c34fbeaf", "action": "displayed", "text": "", "timestamp": "2025-06-27T10:41:53.069668"}
{"widget_id": "6b5a05f8-6210-42cd-8566-5eb2c34fbeaf", "action": "displayed", "text": "", "timestamp": "2025-06-27T10:41:53.311973"}
{"widget_id": "debug-popup-1", "action": "displayed", "text": "", "timestamp": "2025-06-27T10:57:22.000726"}
{"widget_id": "debug-popup-1", "action": "subscribed", "text": "", "timestamp": "2025-06-27T10:57:28.239907"}
{"widget_id": "debug-feedback-1", "action": "displayed", "text": "", "timestamp": "2025-06-27T10:57:58.248823"}
{"widget_id": "debug-popup-1", "action": "displayed", "text": "", "timestamp": "2025-06-27T11:06:45.712361"}
{"widget_id": "debug-popup-1", "action": "displayed", "text": "", "timestamp": "2025-06-27T11:07:31.293097"}
{"widget_id": "debug-popup-1", "action": "displayed", "text": "", "timestamp": "2025-06-27T11:10:18.705533"}
{"widget_id": "debug-popup-1", "action": "displayed", "text": "", "timestamp": "2025-06-27T11:10:19.530705"}
{"widget_id": "debug-popup-1", "action": "displayed", "text": "", "timestamp": "2025-06-27T11:10:19.843616"}
{"widget_id": "debug-popup-1", "action": "displayed", "text": "", "timestamp": "2025-06-27T11:10:20.013262"}
{"widget_id": "debug-banner-1", "action": "displayed", "text": "", "timestamp": "2025-06-27T11:26:28.786490"}
{"widget_id": "93b6598c-afa0-4fd9-b1b0-649418de4fba", "action": "displayed", "text": "", "timestamp": "2025-06-27T11:28:11.613504"}
{"widget_id": "28d006b5-d8ab-4af8-a1a7-4faf51dff0af", "action": "displayed", "text": "", "timestamp": "2025-06-27T11:28:11.616211"}
{"widget_id": "28d006b5-d8ab-4af8-a1a7-4faf51dff0af", "action": "subscribed", "text": "", "timestamp": "2025-06-27T11:28:26.373776"}
{"widget_id": "a26c2d7e-bdc2-49b3-b7ac-da55df24d6b7", "action": "displayed", "text": "", "timestamp": "2025-06-27T11:28:56.385874"}
{"widget_id": "28d006b5-d8ab-4af8-a1a7-4faf51dff0af", "action": "displayed", "text": "", "timestamp": "2025-06-27T11:38:16.006902"}
{"widget_id": "93b6598c-afa0-4fd9-b1b0-649418de4fba", "action": "displayed", "text": "", "timestamp": "2025-06-27T11:38:16.011423"}
{"widget_id": "28d006b5-d8ab-4af8-a1a7-4faf51dff0af", "action": "displayed", "text": "", "timestamp": "2025-06-27T11:38:19.696512"}
{"widget_id": "93b6598c-afa0-4fd9-b1b0-649418de4fba", "action": "displayed", "text": "", "timestamp": "2025-06-27T11:38:19.699155"}
{"widget_id": "93b6598c-afa0-4fd9-b1b0-649418de4fba", "action": "displayed", "text": "", "timestamp": "2025-06-27T11:38:20.646110"}
{"widget_id": "28d006b5-d8ab-4af8-a1a7-4faf51dff0af", "action": "displayed", "text": "", "timestamp": "2025-06-27T11:38:20.646042"}
{"widget_id": "28d006b5-d8ab-4af8-a1a7-4faf51dff0af", "action": "displayed", "text": "", "timestamp": "2025-06-27T11:38:21.748208"}
{"widget_id": "93b6598c-afa0-4fd9-b1b0-649418de4fba", "action": "displayed", "text": "", "timestamp": "2025-06-27T11:38:21.754353"}
{"widget_id": "93b6598c-afa0-4fd9-b1b0-649418de4fba", "action": "displayed", "text": "", "timestamp": "2025-06-27T11:38:22.785329"}
{"widget_id": "28d006b5-d8ab-4af8-a1a7-4faf51dff0af", "action": "displayed", "text": "", "timestamp": "2025-06-27T12:18:31.266333"}
{"widget_id": "93b6598c-afa0-4fd9-b1b0-649418de4fba", "action": "displayed", "text": "", "timestamp": "2025-06-27T12:18:31.270292"}
{"widget_id": "28d006b5-d8ab-4af8-a1a7-4faf51dff0af", "action": "displayed", "text": "", "timestamp": "2025-06-27T12:22:00.781795"}
{"widget_id": "93b6598c-afa0-4fd9-b1b0-649418de4fba", "action": "displayed", "text": "", "timestamp": "2025-06-27T12:22:00.784685"}
{"widget_id": "28d006b5-d8ab-4af8-a1a7-4faf51dff0af", "action": "displayed", "text": "", "timestamp": "2025-06-27T12:22:31.955918"}
{"widget_id": "93b6598c-afa0-4fd9-b1b0-649418de4fba", "action": "displayed", "text": "", "timestamp": "2025-06-27T12:22:31.964305"}
{"widget_id": "ed0fe8b6-d083-4e5c-b80e-dd71204a4f45", "action": "displayed", "text": "", "timestamp": "2025-06-30T11:25:02.052868"}
{"widget_id": "ed0fe8b6-d083-4e5c-b80e-dd71204a4f45", "action": "displayed", "text": "", "timestamp": "2025-06-30T11:25:51.987490"}
{"widget_id": "22ac2321-ed15-4ceb-bd95-774ecb0d31cf", "action": "displayed", "text": "", "timestamp": "2025-06-30T11:25:51.996471"}
{"widget_id": "ed0fe8b6-d083-4e5c-b80e-dd71204a4f45", "action": "displayed", "text": "", "timestamp": "2025-06-30T11:54:10.509375"}
{"widget_id": "22ac2321-ed15-4ceb-bd95-774ecb0d31cf", "action": "displayed", "text": "", "timestamp": "2025-06-30T12:04:39.533449"}
{"widget_id": "ed0fe8b6-d083-4e5c-b80e-dd71204a4f45", "action": "displayed", "text": "", "timestamp": "2025-06-30T12:05:02.126199"}
{"widget_id": "ad8063fa-7e7e-4e45-8a20-7df1dea82a63", "action": "displayed", "text": "", "timestamp": "2025-06-30T14:23:41.673099"}
{"widget_id": "ad8063fa-7e7e-4e45-8a20-7df1dea82a63", "action": "displayed", "text": "", "timestamp": "2025-06-30T14:23:42.787122"}
{"widget_id": "ad8063fa-7e7e-4e45-8a20-7df1dea82a63", "action": "displayed", "text": "", "timestamp": "2025-06-30T14:23:43.638909"}
{"widget_id": "ad8063fa-7e7e-4e45-8a20-7df1dea82a63", "action": "displayed", "text": "", "timestamp": "2025-06-30T14:25:18.329447"}
{"widget_id": "be5ba990-7094-4d06-97cb-005ff9e48f57", "action": "displayed", "text": "", "timestamp": "2025-06-30T14:25:53.078325"}
{"widget_id": "ad8063fa-7e7e-4e45-8a20-7df1dea82a63", "action": "displayed", "text": "", "timestamp": "2025-06-30T14:30:16.835525"}
{"widget_id": "ad8063fa-7e7e-4e45-8a20-7df1dea82a63", "action": "later", "text": "", "timestamp": "2025-06-30T14:30:26.831904"}
{"widget_id": "be5ba990-7094-4d06-97cb-005ff9e48f57", "action": "displayed", "text": "", "timestamp": "2025-06-30T14:30:56.844409"}
{"widget_id": "ad8063fa-7e7e-4e45-8a20-7df1dea82a63", "action": "displayed", "text": "", "timestamp": "2025-06-30T14:31:40.864783"}
{"widget_id": "ad8063fa-7e7e-4e45-8a20-7df1dea82a63", "action": "displayed", "text": "", "timestamp": "2025-06-30T14:32:03.508792"}
{"widget_id": "ad8063fa-7e7e-4e45-8a20-7df1dea82a63", "action": "displayed", "text": "", "timestamp": "2025-06-30T14:32:04.528106"}
{"widget_id": "ad8063fa-7e7e-4e45-8a20-7df1dea82a63", "action": "displayed", "text": "", "timestamp": "2025-06-30T14:32:18.704654"}
{"widget_id": "ad8063fa-7e7e-4e45-8a20-7df1dea82a63", "action": "displayed", "text": "", "timestamp": "2025-06-30T14:32:19.740155"}
{"widget_id": "ad8063fa-7e7e-4e45-8a20-7df1dea82a63", "action": "displayed", "text": "", "timestamp": "2025-06-30T14:40:01.078030"}
{"widget_id": "ad8063fa-7e7e-4e45-8a20-7df1dea82a63", "action": "displayed", "text": "", "timestamp": "2025-06-30T14:40:02.102520"}
{"widget_id": "ad8063fa-7e7e-4e45-8a20-7df1dea82a63", "action": "displayed", "text": "", "timestamp": "2025-06-30T14:40:02.863918"}
{"widget_id": "ad8063fa-7e7e-4e45-8a20-7df1dea82a63", "action": "displayed", "text": "", "timestamp": "2025-06-30T14:40:04.338978"}
{"widget_id": "ad8063fa-7e7e-4e45-8a20-7df1dea82a63", "action": "displayed", "text": "", "timestamp": "2025-06-30T14:42:20.972614"}
{"widget_id": "ad8063fa-7e7e-4e45-8a20-7df1dea82a63", "action": "displayed", "text": "", "timestamp": "2025-06-30T14:42:22.006222"}
{"widget_id": "ad8063fa-7e7e-4e45-8a20-7df1dea82a63", "action": "displayed", "text": "", "timestamp": "2025-06-30T14:42:22.706910"}
